name,tags,categories
ampersand-square,and|typography|operator|join|concatenate|code|coding,text|design|development
apple-core,fruit|juice|smoothie|sweet|snack|meal|lunch|ingredient|cooking|cookery|kitchen|cuisine|eating|healthy|nutrition|diet|bite|bitten|consumed|litter|trash|rubbish,food-beverage
arrows-up-down-square,elevator|lift|floors|levels|hotel|accommodation|expand|unfold|vertical|toolbar|button,buildings|travel|arrows|shapes
astronaut-helmet,spacesuit|spaceman|explore|interplanetary|stars|safety|protection|headgear,science|gaming
at-sign-circle,mention|at|email_address|message|contact|networking|ping,text|account|communication|social|notifications|shapes
at-sign-square,mention|at|email_address|message|contacts|details|address_book|directory|listing|networking|business_card|ping|toolbar|keyboard|button,text|account|connectivity|communication|social|shapes
avocado,fruit|snack|meal|lunch|ingredient|cooking|cookery|kitchen|cuisine|eating|healthy|nutrition|diet|guacamole|mexican,food-beverage
baby-pacifier,dummy|teething|suck|silence|quiet|newborn|childproof|children|infant|kids|toddler|mother|mum|family,people|home|shopping
bacon,rashers|smoked|streaky|crispy|meat|fast_food|junk_food|snack|dish|restaurant|brunch|lunch|meal|savory|savoury|cookery|cooking|grilled|barbecue|barbeque|bbq|pig,food-beverage
bag-hand,purse|finance|storage|store|ecommerce|cart|purchase|womens|girls|female|ladies|accessories|fashion|leather,shopping|money
barbecue,barbeque|bbq|grilled|smoke|dinner|meal|meat|cookery|cooking|charcoal|heat|hot|fire,food-beverage
barber-pole,hairdresser|grooming|cut|shave|shop|salon|service|signage|stripes|spin|spiral|helix|twist|twirl|rotate,maps|medical|people|social
barn,stable|cattle|horses|farm|ranch|hay|alfalfa|door,buildings|animals|maps
baseball,home_run|pitcher|bat|innings|rounders|bounce,sports|gaming
baseline-square,color|colour|toolbar|formatting|plain_text|rich_text|rtf|typography|fonts|font_book|collection|slab_serif|writing|writer|prose|content|markdown|markup,text|tools|design|development
basketball,bounce|hoop|netball|court|dribble|slam_dunk|alley-oop|team|score|nba,sports|gaming
bat-ball,table_tennis|ping-pong|whiff-whaff|paddle|racquet|racket|net|bounce|score,sports|gaming
bath-bubble,amenities|services|bathroom|towel|relax|luxury,home|travel
beach-ball,inflatable|summer_holiday|seaside|toys|kids|children|play|football|soccer,travel|sports|gaming
bear-face,cub|cuddle|children|kids|toys|teddy|nursery|picnic|outdoors|wilderness|forest|national_park|open_season|hunting|grizzly|warning|danger|strength|mammal,animals
bed-bunk,sleep|hostel|accommodation|sheets,furniture|home|travel
bee-hive,nest|beehive|beeswax|bumble|buzz|busy|productivity|honeycomb|keeper|garden|insect|sting|swarm|wasps,nature|food-beverage
bee,bumble|buzz|busy|productivity|pollen|pollinate|honey|hive|keeper|garden|insect|antennae|flying|wings|sting|swarm|wasp,animals
beetle-scarab,bug|wildlife|wings|flying|insect|antennae|ancient|egyptian|heiroglyphic,animals
bell-concierge-dot,reception|bellboy|bellhop|porter|service|summon|hospitality|hotel|accommodation|attention|alert|ring|ding|sound|reminder|unread|pending|updates,travel|notifications
bell-concierge-off,unstaffed|self-service|self-catering|hospitality|hotel|accommodation|silent|silence|quiet|ignore|forget,travel|notifications
bell-concierge,reception|bellboy|bellhop|porter|service|summon|hospitality|hotel|accommodation|attention|alert|sound|ding|ring,travel|notifications
belt,buckle|strap|fasten|fasting|waistline|weight_loss|diet|calories|store|clothing|clothes|accessories|apparel|attire|outfit|fashion|leather,shopping|social|food-beverage
bold-square,emphasis|emphasize|strong|toolbar|formatting|styling|plain_text|rich_text|rtf|typography|font|sans_serif|writing|writer|prose|content|markdown|markup,text|tools|design|development
bottle-baby,newborn|children|infant|kids|toddler|mother|mum|family|milk,people|home|shopping
bottle-champagne,alcohol|drink|glass|bubbly|sparkling|fizzy|bar|party|special_occasion|celebration|victory|champion|luxury|nightclub|nightlife|sommelier|restaurant,food-beverage|social
bottle-dispenser,toiletries|bathroom|amenities|shower_gel|bubble_bath|shampoo|conditioner|hand_soap|sanitizer|sanitiser|clean|wash,home|travel
bottle-perfume,parfum|aftershave|aroma|fragrance|smell|scent|special|present|gift|accessories|container|duty_free,social|travel
bottle-plastic,drink|water|liquid|litres|pints|container|shampoo,food-beverage
bottle-spray,cleaning_products|toiletries|bathroom|amenities|service|sanitizer|sanitiser,home|travel
bottle-toothbrush-comb,toiletries|bathroom|amenities|shower_gel|bubble_bath|shampoo|conditioner|toothpaste|tube|clean|wash|brush,home|travel
bowl-chopsticks,noodles|poke|soup|culinary|cuisine|asian|japanese|chinese|oriental|eastern|brunch|lunch|dinner,food-beverage|tools
bowl-overflow,spillage|drip|liquid|soup|porridge|gruel|cereal|breakfast|morning|brunch|lunch|dinner|meal|starter|appetizer|appetiser|culinary|cuisine,food-beverage
bowling,ten-pin|10_pin|pins|ball|lane|alley|strike|spare|score|indoor_sports|heavy,sports|gaming
bra-sports,brassiere|breasts|boobs|tops|womens|girls|female|ladies|lingerie|underwear|undergarment|sportswear|exercise|fitness|swimwear|beachwear|bathing_constume|summer_holiday|store|clothing|clothes|apparel|attire|fashion|thread|cotton|casual,shopping|sports|travel
briefcase-plus,healthcare|first_aid_kit|paramedic|medkit|medikit|medpack|medicine|pharmacy|pharmaceutical|add|cross|box,medical|gaming
broom,broomstick|brush|sweep|floor|cleaning|witch|halloween,tools|home
bucket,handle|container|fill|liquid|water|seaside|summer_holiday|beach|sandcastle|sandbox|toys|kids|children|play|gardening|equipment|spade|shovel|catch|fishing|crabs,nature|home|tools|travel
bull-head,cow|horns|meat|steak|barbecue|bbq|beef|bovine|rodeo|ranch|farmyard|livestock|cattle|taurus|toro|hoofs|hooved|mammal,animals|food-beverage
burger,hamburger|cheeseburger|meat|patty|bun|fast_food|junk_food|takeaway|takeout|snack|dish|restaurant|lunch|meal|savory|savoury|cookery|cooking|grilled|barbecue|barbeque|bbq,food-beverage
butterfly,wings|flying|wildlife|botanical_gardens|nectar|pollen|pollinate|pattern|insect|antennae,animals
cabin,hut|shed|property|real_estate|dwellings|living|door|woods|forest|winter_holiday|alpine|wilderness|outdoors,buildings|travel|home
cabinet-filing,nightstand|bedside_table|drawers|documents|binders|folders|records|storage|archive|office,furniture|files
cactus,spikes|spines|needles|glochid|plant|desert|botanical|flora,nature|maps
candle-holder-lit,handle|wax|incense|fragrance|smell|senses|spirituality|meditation|relaxation|wellbeing|romance|romantic_evening|valentines_day|date|power_cut|outage|melting|burning|flame|fire|alight|lighting|daytime|mode|theme|toggle|css,home|sustainability|design|development
candle-holder,handle|wax|incense|fragrance|smell|senses|spirituality|meditation|relaxation|wellbeing|romance|romantic_evening|valentines_day|date|power_cut|outage|darkness|night|mode|theme|toggle|css,home|sustainability|design|development
candle-tealight-lit,wax|incense|fragrance|smell|senses|spirituality|meditation|relaxation|wellbeing|romance|romantic_evening|valentines_day|date|power_cut|outage|melting|burning|flame|fire|alight|lighting|daytime|mode|theme|toggle|css,home|sustainability|design|development
candle-tealight,wax|incense|fragrance|smell|senses|spirituality|meditation|relaxation|wellbeing|romance|romantic_evening|valentines_day|date|power_cut|outage|melting|burning|flame|fire|alight|lighting|mode|theme|toggle|css,home|sustainability|design|development
candlestick-big-lit,wax|incense|fragrance|smell|senses|spirituality|meditation|relaxation|wellbeing|romance|romantic_evening|valentines_day|date|power_cut|outage|melting|burning|flame|fire|alight|lighting|daytime|mode|theme|toggle|css,home|sustainability|design|development
candlestick-big,wax|incense|fragrance|smell|senses|spirituality|meditation|relaxation|wellbeing|romance|romantic_evening|valentines_day|date|birthday_cake|power_cut|outage|melting|burning|flame|fire|alight|lighting|mode|theme|toggle|css,home|sustainability|design|development
candlestick-lit,wax|incense|fragrance|smell|senses|spirituality|meditation|relaxation|wellbeing|romance|romantic_evening|valentines_day|date|power_cut|outage|melting|burning|flame|fire|alight|lighting|daytime|mode|theme|toggle|css,home|sustainability|design|development
candlestick,wax|incense|fragrance|smell|senses|spirituality|meditation|relaxation|wellbeing|romance|romantic_evening|valentines_day|date|birthday_cake|power_cut|outage|darkness|night|mode|theme|toggle|css,home|sustainability|design|development
card-credit,atm|cash_machine|cash_point|withdrawal|debit|visa|mastercard|bank|finance|financial|spending|budget|purchase|payment|cc|shopping|retail|store|mall|consumer|loyalty|points|cashback|transaction,account|money
card-sd,smartphone|mobile|disk|data|backup|save|read|write|rw|storage|extra|capacity|megabytes|mb|gigabytes|gb|format|flash|drive|digital|camera|photos|pictures|images|raw,photography|files|multimedia|devices
card-sim,cellphone|smartphone|mobile|network|cellular|service|provider|signal|coverage|disk|data|format|storage|flash|digital|contacts|phone_book|contractual|circuit_board|chip,connectivity|communication|multimedia|devices
carton-off,milk|dairy|drink|diet|lactose_free|liquid|litres|pints|pasturised|skimmed|container|vegan,food-beverage
carton,milk|dairy|drink|diet|lactose|liquid|litres|pints|pasturised|skimmed|container|cow,food-beverage
case-camel,text|letters|characters|font|typography|ab|string|code,text|development
case-kebab,text|letters|characters|font|typography|dash|a-b|ab|string|code,text|development
case-snake-upper,text|letters|capitals|caps|characters|font|typography|underscore|ab|constant|string|code,text|development
case-snake,text|letters|characters|font|typography|underscore|ab|string|code,text|development
cat-big,tiger|lion|leopard|panther|zoo|safari_park|savannah|wildlife|mammal|carnivore|predator|pride|feline|ferocious|roar,animals
cauldron,pot|boiling|heat|hot|soup|potion|brewing|bubbles|spell|curse|witches|wizard|druid|halloween,gaming|food-beverage
cent-circle,finance|financial|markets|exchange|trader|trading|transaction|payment|coin|cents|dollar|usd,currency|money|shapes
cent-square,finance|financial|markets|exchange|trader|trading|transaction|payment|cents|dollar|usd|toolbar|button,currency|money|shapes
cent,finance|financial|markets|exchange|trader|trading|transaction|payment|symbol|cents|dollar|usd,currency|money
chairs-table-parasol,terrace|balcony|patio|umbrella|shade|seating|garden|outdoor|al_fresco|dining,furniture|home|travel
chairs-table-platter,restaurant|seating|table_service|waiter|waitress|served|dinner|dining|meal|courses|luxury,food-beverage|furniture|home|travel|maps
chameleon,camouflage|colors|colours|multicolor|multicolour|lizard|reptile|wildlife,animals
cheese,swiss|holes|fondue|emmental|gouda|edam|cheddar|brie|mozzarella|feta|halloumi|gorgonzola|roquefort|camembert|dairy|snack|dish|restaurant|lunch|meal|savory|savoury|cookery|cooking|grilled,food-beverage
chest,trunk|treasure|loot|gold|toybox|toolbox|tool_chest|storage|container,tools|gaming
chevrons-left-right-square,gist|source|programming|html|xml|code|coding,text|development
chevrons-up-down-square,elevator|lift|floors|levels|hotel|accommodation|expand|unfold|vertical|toolbar|button,buildings|travel|arrows|shapes
cloth,thread|sewing|stitch|embroidery|waeve|woven|fabric|material|textile|upholstery|cleaning,home|shopping|furniture
coat-hanger,clothes|clothing|apparel|attire|wardrobe|dry_cleaning|amenities,home|furniture|travel|maps
cocktail,martini|alcohol|spirits|drink|glass|straw|citrus|orange|lemon|lime|bar|lounge|party|nightclub|nightlife,food-beverage|social
coconut,segments|milk|smoothie|cocktail|tropical|beach_bar|holiday|vacation|sweet|creamy|snack|ingredient|cooking|cookery|kitchen|cuisine|eating|healthy|nutrition|diet,food-beverage|travel
coffee-bean,roast|ground|blend|arabica|filter|instant|cafetiere|hot|drink|barista|fair_trade,food-beverage
coffeemaker,machine|amenities|electronics|appliances|roast|ground|blend|arabica|filter|instant|cafetiere|hot|drink|barista|fair_trade,food-beverage|devices
coins-exchange,exchange|trader|trading|transaction|swap|finance|financial|markets,currency|money
coins-stack,cash|finance|financial|markets|exchange|trader|trading|transaction|payment|payroll|wages|income|pocket_money|allowance|savings|banking|gamble,money|currency|account|shopping|gaming
copy-code,clone|duplicate|multiple|codebase|source|raw|snippets|gists,text|development
copy-down,read|dictionary|booklet|library|code|version_control|git|repository|clone|download_all,development
copy-file-path,relative|location|multiple,files|development|text
copy-image,clone|duplicate|multiple|images|pictures|photos|album|collection|event|gallery,photography|text|multimedia|files|social|design|development
copy-text,clone|duplicate|multiple|texts|lines|drafts|script|plagiarism,text
copy-type,formatting|styling|rich_text|rtf|fonts|font_book|typography|collection|slab_serif|clone|duplicate|multiple|toolbar|button,text|tools|design
cow-head,milk|dairy|drink|diet|unpasturised|lactose|livestock|cattle|calf|bovine|farmyard|hoofs|hooved|mammal,animals|food-beverage
cow-udder-droplets,milk|dairy|drink|diet|unpasturised|lactose|livestock|cattle|calf|bovine|farmyard|hoofs|hooved|mammal,animals|food-beverage
crab,crustacean|shell|pinch|snap|crawl|sideways|ocean|marine_life|seabed|seaside|summer_holiday|beach|sand|water|bucket|fishing|catch|lobster|zodiac|astrology|star_sign|cancer|horoscope,animals
cricket-ball,bowler|batsman|batting|fielder|runs|wicket|innings|overs|score|umpire|spin|catch|bounce|ashes|summer,sports|gaming
cricket-wicket,bowler|ball|batsman|batting|fielder|runs|innings|overs|out|duck|score|umpire|spin|catch|bounce|ashes|summer,sports|gaming
cross-square,healthcare|first_aid_kit|paramedic|medkit|medikit|medpack|medicine|pharmacy|pharmaceutical|add|cross|box,medical|gaming
crosshair-2-dot,aim|target|scope|sight|reticule,gaming|cursors
crosshair-2,aim|target|scope|sight|reticule,gaming|cursors
crosshair-plus-dot,aim|target|scope|sight|reticule,gaming|cursors
crosshair-plus,aim|target|scope|sight|reticule,gaming|cursors
crosshair-square,aim|target|scope|sight|reticule,gaming|cursors|photography
cup-saucer,mug|hot|drink|cafe|tea,food-beverage
cup-to-go,coffee|roast|ground|blend|arabica|filter|instant|cafe|hot|drink|barista|fair_trade|packaging|disposable|recycling|cardboard|plastic|take_away,food-beverage
currency-square,finance|financial|markets|exchange|trader|trading|transaction|payment|symbol|scarab|toolbar|button,currency|money
desk-lamp,office|workstation|table|drawers|household|lighting|ambience|ambiance,furniture|home
diaper,nappy|absorbent|potty|newborn|childproof|children|infant|kids|toddler|mother|mum|family,people|home|shopping
dishwasher,kitchen|appliances|amenities|electric|cleaning|cycle|plates|glasses|cutlery|utensils,home|devices|travel
dollar-sign-circle,monetization|marketing|finance|financial|markets|exchange|trader|trading|transaction|payment|coin|usd,currency|money|shapes
dollar-sign-square,monetization|marketing|finance|financial|markets|exchange|trader|trading|transaction|payment|usd|toolbar|button,currency|money|shapes
doorbell-intercom,buzzer|speaker|call|service|summon|hospitality|hotel|accommodation|elevator|lift|ring|ding|sound|access|gate,buildings|home|travel|security
dress,skirt|womens|girls|female|ladies|store|sexy|classy|clothing|clothes|apparel|attire|outfit|fashion|formal|fancy|smart|refined|elegant|evening_wear|nightlife|club|party|occasion|gathering|wedding|tailored|thread|cotton|staps,shopping|social
egg-cup,boiled|soldiers|continental_breakfast|brunch|meal|morning,food-beverage
elephant-face,mammoth|mastodon|mammal|memory|remember|trunk|tusks|safari|savannah|wildlife|herbivore|herd|calf|dumbo|evernote,animals
elephant,mammoth|mastodon|mammal|memory|remember|trunk|tusks|safari_park|savannah|wildlife|herbivore|herd|calf|dumbo,animals
escalator-arrow-down-left,steps|stairs|staircase|conveyor_belt|conveyer|ground_floor|levels|signage|directions|diagonal,buildings|travel|arrows
escalator-arrow-up-right,steps|stairs|staircase|conveyor_belt|conveyer|top_floor|levels|signage|directions|diagonal,buildings|travel|arrows
euro-circle,monetization|marketing|finance|financial|markets|exchange|trader|trading|transaction|payment|coin,currency|money|shapes
euro-square,monetization|marketing|finance|financial|markets|exchange|trader|trading|transaction|payment|toolbar|button,currency|money|shapes
face-alien,extraterrestrial|life_form|outer_space|interplanetary|galactic|universe|area_51,science|emoji|gaming
fan-handheld,folding|cooler|airflow|waft|decoration|ornate|oriental|chinese|culture|wisdom|colors|spectrum|range|guide,tools|social|design
farm,farmland|ranch|acres|fields|harvest|silo|farmhouse|barn|door,buildings|maps|sustainability|animals|food-beverage
faucet,tap|spigot|water|drinking|fresh|source|pipes|plumbing|plumber,food-beverage|home|maps
feather-plus,quill|pen|write|writing|prose|inkwell|scribe|scroll|draft|new|add,text|social
feather-square,quill|pen|write|writing|prose|inkwell|scribe|scroll|draft|edit,text|social|shapes
feather-text,quill|pen|write|writing|prose|inkwell|scribe|scroll|draft|signature,text
flippers,snorkeling|scuba|submerge|freediving|diver|location|spot|gear|equipment|vacation|summer_holiday|seaside|beach|marine|ocean|depth|deep|underwater|aquatic|encounter|exploration|tourism,travel|maps
floor-plan,blueprint|property|real_estate|house|home|dwelling|living_space|rooms|doorway|area|measure|square_meter,buildings
floppy-disk-2,format|data|storage|capacity|megabytes|mb|label,files|devices
floppy-disk-rear,format|data|storage|capacity|megabytes|mb|label|back|reverse,files|devices
floppy-disk,format|data|storage|capacity|megabytes|mb|label,files|devices
floppy-disks-2,copy|format|data|storage|capacity|megabytes|mb|label,files|devices
floppy-disks-rear,copy|format|data|storage|capacity|megabytes|mb|label|back|reverse,files|devices
floppy-disks,copy|format|data|storage|capacity|megabytes|mb|label,files|devices
flower-lotus,water_lily|petals|plant|spring|bloom|blossom|flora|pond|aquatic|sacred|purity|longevity|culture|philosopy|sprituality|meditation|wellbeing|lifestyle,nature|seasons|sustainability
flower-pot,petals|houseplant|stem|spring|bloom|blossom|gardening|botanical|flora|florist,nature|seasons|home|gaming
flower-rose-single,roses|thorns|petals|plant|stem|leaves|spring|bloom|blossom|gardening|botanical|flora|florist|bouquet|bunch|gift|date|romance|romantic|valentines_day|special_occasion,nature|seasons|sustainability|home|social
flower-rose,roses|thorns|petals|plant|stem|leaves|spring|bloom|blossom|gardening|botanical|flora|florist|bouquet|bunch|gift|date|romance|romantic|valentines_day|special_occasion,nature|seasons|sustainability|home|social
flower-stem,petals|plant|leaves|spring|bloom|blossom|gardening|botanical|flora|florist|bouquet|bunch|gift|special_occasion,nature|seasons|sustainability|home|gaming
flower-tulip,petals|plant|stem|leaves|spring|bloom|blossom|gardening|botanical|flora|florist|bouquet|bunch|gift|romantic|special_occasion,nature|seasons|sustainability|home|gaming
football-goal,american|gridiron|posts|field|score|touchdown|pitch|team,sports|gaming
football-helmet,american|gridiron|touchdown|kick|pitch|team|cricket|protective_equipment|protection|padding|headgear|goal|score|bounce,sports|gaming
football,rugby|american|touchdown|kick|pitch|team|goal|score|bounce|super_bowl|nfl,sports|gaming
fork-knife-crossed,utensils|kitchenware|cutlery|culinary|cooking|cookery|cut|slice|eat|restaurant|meal|breakfast|brunch|lunch|dinner|supper,food-beverage|home|tools|travel|maps
fork-knife,utensils|kitchenware|cutlery|culinary|cooking|cookery|cut|slice|eat|restaurant|meal|breakfast|brunch|lunch|dinner|supper,food-beverage|home|tools|travel|maps
fox-face-tail,sly|wily|cunning|canine|mammal|bushy|furry|firefox,animals
frog-face,jump|hop|lilly_pad|pond_life|aquatic|amphibian|tadpole,animals
fruit,citrus|orange|grapefruit|lime|tomato|pomodoro_technique|productivity|work|egg_timer|timing|alarm|alert|olive|pitted|passion_fruit|guava|juice|squeeze|smoothie|tropical|sweet|bitter|snack|meal|lunch|ingredient|cooking|cookery|kitchen|cuisine|eating|healthy|nutrition|diet|fruit_machine|slots|gambling|jackpot,food-beverage|gaming|time|devices|home
garlic,flavor|flavour|spice|vegetable|ingredient|cooking|cookery|kitchen|cuisine|eating|nutrition|diet,food-beverage
gearbox-square,gears|gear_lever|gearstick|shift|speed|driving|driver|racing|racer|motor_sport|formula_one|formula_1|f1|car|vehicle|mechanical|clutch|ratio,sports|gaming
gearbox,gears|gear_lever|gearstick|shift|speed|driving|driver|racing|racer|motor_sport|formula_one|formula_1|f1|car|vehicle|mechanical|clutch|ratio,sports|gaming
gem-ring,diamond|crystal|ruby|rock|jewellery|price|special|present|gift|wedding|proposal|marriage|accessories,social
glasses-square,spectacles|eyesight|vision|reading|learning|education|academic|books|nerd|geek,accessibility|medical|shopping
glasses-sun,aviators|shades|sunglasses|summer_holiday|seaside|beachwear|vacation|accessories|fashion,shopping|travel
goal-net,score|football|futbol|soccer|ice_hockey|posts|crossbar|kick|pitch|penalty,sports|gaming
goblet-crack,glass|chalice|broken|break|smash|fragile|damaged|package|transit|shipping|postage,food-beverage|social|transportation|mail
goblet,glass|chalice|alcohol|drink|vineyard|winery|red|white|rose|dry|sparkling|spirits|cocktail|bar|party|nightclub|nightlife|sommelier|restaurant|dinner|meal,food-beverage|social
golf-driver,tee_off|driving_range|sand_wedge|pitching_wedge|course|hole_in_one|par|double_bogey|birdie|eagle|albatross|handicap|caddie|caddy|bunker|rough,sports|gaming
grapes,bunch|wine|vineyard|seedless|blackberry|blackberries|rasberry|rasberries|wild_berries|juice|squeeze|smoothie|sweet|snack|meal|lunch|eating|healthy|nutrition|diet|picked|fruit_machine|slots|gambling|jackpot,food-beverage
grid-lines-offset,guides,layout|design|tools
grid-lines,table|guides|number|pound|tic-tac-toe|noughts_and_crosses,layout|design|tools|maths|gaming
hairdryer,hairdrier|hairstyle|hairdresser|salon|styling|heat|amenities|electronics,home|travel|devices
hat-baseball,cap|hats|headwear|headgear|mens|boys|store|clothing|clothes|accessories|apparel|attire|fashion,shopping|sports
hat-beanie,bobble|wooly|woolly|winter|cold|headgear|apparel|fashion,shopping|seasons
hat-bowler,hats|headwear|headgear|gentleman|mens|boys|store|clothing|clothes|accessories|apparel|attire|outfit|fashion|formal|fancy_dress|costume|smart|classic|refined|elegant|evening|black_tie_event|occasion|gathering|vacation|summer_holiday|straw,shopping|social|travel
hat-chef,cooking|kitchen|restaurant,food-beverage
hat-hard,helmet|headgear|construction|protective|safety|builder,tools
hat-top,hats|headwear|headgear|gentleman|mens|boys|store|clothing|clothes|accessories|apparel|attire|outfit|fashion|formal|fancy_dress|costume|smart|classic|refined|elegant|evening|black_tie_event|occasion|wedding|groom|gathering,shopping|social
heading-circle,hospital|accident|emergency|helicopter_pad|helipad|help,medical|transportation|shapes
heading-square,h1|html|markup|markdown|toolbar|formatting|styling|typography|hospital|accident|emergency|help,text|tools|design|development|medical|shapes
hedgehog,porcupine|prickly|spiny|spiky|spikes|defences|defend|mammal|woodland|garden,animals
helmet-diving,submerge|diver|location|spot|gear|equipment|safety|sea|ocean|depth|deep|decompression|pressure|underwater|oxygen|o2|breathe|air|aquatic|encounter|exploration|discovery|observe|view|marine_life|shipwreck|tourism,science|travel|maps
hexagons-3,honeycomb|beeswax|cells|cluster|tessellation|pollen|pollinate,shapes|food-beverage
hexagons-7,honeycomb|beeswax|cells|cluster|tessellation|pollen|pollinate,shapes|food-beverage
high-heel,stiletto|platform|shoe|footwear|womens|girls|female|ladies|store|sexy|classy|clothing|clothes|apparel|attire|outfit|fashion|formal|fancy|refined|dressy|smart|elegant|evening|nightlife|club|party|occasion|gathering|leather,shopping|social
hockey-mask,ice_hockey|puck|goalkeeper|goalie|team|protective_equipment|protection|padding|headgear|face|winter_sports|horror|scary|scared|halloween|costume,sports|gaming
hockey,stick|ball|goalkeeper|goalie|team|protective_equipment|protection|face|winter_sports|horror|scary|scared|halloween|costume,sports|gaming
horse-head,donkey|pony|calf|filly|stallion|steed|mare|mammal|equestrian|horseback|ride|riding|racing|furlong|betting|gambling,animals|gaming
hot-dog,banger|wiener|wurst|jumbo|bun|meat|pork|fast_food|junk_food|snack|dish|restaurant|lunch|meal|savory|savoury|cookery|cooking|grilled|barbecue|barbeque|bbq,food-beverage
house-manor,mansion|country|property|real_estate|dwellings|living|rooms|door|chimneys|land|acres,buildings|travel|maps|home
house-off,property|real_estate|dwellings|living|rooms|door|automation|iot|disconnected|disabled|deactivated|unpowered,account|home|buildings
house-roof-off,property|real_estate|dwellings|living|rooms|door|automation|iot|disconnected|disabled|deactivated|unpowered,account|home|buildings
house-roof,property|real_estate|dwellings|living|rooms|door|thatch|snow,account|home|buildings
house,property|real_estate|dwellings|living|rooms|door,account|home|buildings
houses,homes|property|real_estate|dwellings|living|rooms|door,buildings
ice-hockey,stick|puck|ice_rink|skates|team|winter_sports,sports|gaming
ice-skate,skates|ice_rink|figure_skating|speed_skating|boots|shoes|footwear|winter,sports|seasons
igloo,ice_blocks|cold|freeze|frozen|winter|shelter|dome|eskimo,buildings|weather|seasons
indian-rupee-circle,finance|financial|markets|exchange|trader|trading|transaction|payment|coin|inr,currency|money|shapes
indian-rupee-square,finance|financial|markets|exchange|trader|trading|transaction|payment|inr|toolbar|button,currency|money|shapes
intercom,buzzer|speaker|voice|call|service|summon|hospitality|hotel|accommodation|sound|access|gate,buildings|home|travel|security
iron-off,do_not_iron|warning|instructions|clothes|clothing|apparel|attire,home|devices
iron,steam|flatten|straighten|clothes|clothing|apparel|attire|dry_cleaning|amenities,home|devices|travel
ironing-board,flatten|straighten|clothes|clothing|apparel|attire|dry_cleaning|amenities,home|furniture|travel
italic-square,oblique|emphasis|emphasize|toolbar|formatting|styling|plain_text|rich_text|rtf|typography|font|slab_serif|writing|writer|prose|content|markdown|markup,text|tools|design|development
jacket-sports,coat|man|mens|top|store|clothing|clothes|apparel|attire|fashion|thread|leather|casual|regular|warmth|winter|outdoors,shopping|sports
jacket,blazer|coat|suit|gentleman|mens|boys|top|store|clothing|clothes|accessories|apparel|attire|outfit|fashion|formal|dressy|dinner|uniform|smart|classic|refined|elegant|evening_wear|tuxedo|black_tie_event|special_occasion|wedding|groom|gathering|thread|tailored|regular|slim_fit|warmth,shopping|social
japanese-yen-circle,monetization|marketing|finance|financial|markets|exchange|trader|trading|transaction|payment|coin|jpy,currency|money|shapes
japanese-yen-square,monetization|marketing|finance|financial|markets|exchange|trader|trading|transaction|payment|jpy|toolbar|button,currency|money|shapes
jar,pot|container|storage|jam|preserve|conserve|honey|marmalade|sweet|sugar|diet|inkwell|glass|kitchenware,food-beverage|text
jug,coffee_pot|roast|ground|blend|arabica|filter|cafe|hot|drink|barista|fresh|juice|pour|glass,food-beverage
kebab,shish|skewer|meat|fast_food|junk_food|snack|meal|savory|savoury|cookery|cooking|grilled|barbecue|barbeque|bbq,food-beverage
kettle-electric,heat|boiling|water|steam|drink|tea|coffee|kitchen|appliances,food-beverage|home|devices
kettle,heat|boiling|water|steam|whistle|drink|tea|coffee|kitchen|appliances,food-beverage|home|devices
kiwi,citrus|orange|grapefruit|lemon|lime|segments|juice|squeeze|smoothie|tropical|sweet|snack|meal|lunch|eating|healthy|nutrition|diet|fruit_machine|slots|gambling|jackpot,food-beverage|gaming
layout-grid-move-horizontal,apps|applications|sorting|ascending|descending|reorder|rearrange|up|down|drag|view,design|layout|tools|arrows
layout-grid-move-vertical,apps|applications|sorting|ascending|descending|reorder|rearrange|up|down|drag|view,design|layout|tools|arrows
layout-grid-plus,apps|applications|add|collection,design|layout|tools
layout-list-move,todo|tasks|items|pending|ascending|descending|sorting|reorder|rearrange|up|down|drag|view,design|layout|text|tools|arrows
lemon,citrus|lime|juice|squeezy|squeeze|smoothie|bitter|sweet|ingredient|cooking|cookery|kitchen|cuisine|eating|healthy|nutrition|diet|fruit_machine|slots|gambling|jackpot,food-beverage|gaming
life-jacket,vest|buoyant|buoyancy|lifeguard|coastguard|sea|ocean|baywatch|beach|help|rescue|inflatable|safety|equipment|emergency,accessibility|medical
ligature-square,toolbar|button|formatting|styling|typography|fonts|font_book|collection|slab_serif|writing|writer|prose|content|alternates|alternatives|variants|variations|fi,text|tools|design|shapes
light-switch,on|off|electricity|electronics|lights|toggle|binary|boolean|power|outlet|plug,devices|connectivity
lingerie,brassiere|breasts|boobs|bottoms|tops|knickers|womens|girls|female|ladies|underwear|swimwear|beachwear|bathing_constume|summer_holiday|night|evening|elegant|sexy|store|clothing|clothes|apparel|attire|fashion|thread|cotton|lace|fitted,shopping|social|travel
locate-square,gps|location|crosshair|inspector|element|selector|target|box|browser|dom|node|aim|target|scope|sight|reticule,navigation|maps|development|tools|cursors|gaming
luggage-cabin,baggage|suitcase|wheels|packing|sotrage,travel|transportation
lunch-box,trunk|toolbox|chest|storage|container|snack|meal|brunch,tools|food-beverage
mailbox-flag,post|inbox|emails|messages|letters|mailing_list|newsletter,mail
mask-snorkel,scuba|submerge|freediving|diver|location|spot|gear|equipment|vacation|summer_holiday|seaside|beach|ocean|depth|deep|underwater|oxygen|o2|breathe|air|aquatic|encounter|exploration|observe|view|fish|marine_life|tourism,travel|maps
meal-box,brunch|lunch|dinner|tray|bento|sushi|noodles|culinary|cuisine|asian|japanese|chinese|oriental|eastern|microwave|ready|frozen|packaging,food-beverage
mortar-pestle,bowl|crush|grind|ingredients|herbs|spices|cooking|cookery|culinary|kitchen|equipment|utensil,food-beverage|tools|home
motor-racing-helmet,driving|driver|racer|formula_one|formula_1|f1|car|motorcyle|motorbike|vehicle|safety|protection|headgear|crash,sports|transportation|gaming
mug-teabag,cup|hot|drink|cafe,food-beverage
mug,cup|hot|drink|cafe|tea|barista,food-beverage
mustache,moustache|facial_hair|hairdresser|barbers|grooming|cut|shave|shop|salon|service,maps|people|social
olive,grove|extra_virgin|oil|ingredient|cooking|cookery|kitchen|cuisine|eating|nutrition|diet|mediterranean|bitter|fruit|cocktail,food-beverage
onion,flavor|flavour|vegetable|ingredient|cooking|cookery|kitchen|cuisine|eating|nutrition|diet,food-beverage
owl,wise|wisdom|wings|bird|avian|tawny|perch|wildlife|nocturnal|knowledge|learning|education|hoot,animals
pac-man-ghost,arcade|classic|retro|phantom|spooky|halloween|costume|sheet,gaming
pac-man,eat|munch|consume|arcade|classic|retro,gaming
palmtree-island-sun,desert_island|summer_holiday|vacation|retreat|relax|leisure|tropical|beach|resort|exotic|stranded|castaway|isolated|isolation,nature|travel
pancakes,shrove_tuesday|maple_syrup|dripping|fast_food|junk_food|snack|sweet|dish|restaurant|breakfast|brunch|dessert|meal|cookery|cooking,food-beverage
peace,harmony|symbol|unity|quiet|calm|rest|tranquility|sprituality|meditation|wellbeing|lifestyle|culture|philosopy|freedom|hippy|hippie|1960s,social|sustainability
peach,fruit|nectarine|apricot|plum|damson|cherry|juice|smoothie|jam|conserve|preserve|sweet|snack|meal|lunch|eating|healthy|nutrition|diet,food-beverage
pear,fruit|snack|meal|lunch|eating|healthy|nutrition|diet,food-beverage|shapes
penguin,pingu|bird|arctic|aquatic|flightless|linux,animals|development
pepper-chilli,chili|chile|hot|spicy|spice|flavor|flavour|vegetable|ingredient|cooking|cookery|kitchen|cuisine|culinary|eating|nutrition|diet,food-beverage
pie,tart|quiche|patty|flan|strudel|bakery|pastry|homemade|hot|steaming|cookery|oven,food-beverage
pig-head,piggy|piglet|hog|boar|swine|snout|trough|greedy|farmyard|sty|mud|meat|pork|bacon|butcher|hoofs|hooved|mammal,animals|food-beverage
pig,piggy|piglet|hog|boar|swine|snout|trough|greedy|farmyard|sty|mud|meat|pork|bacon|butcher|hoofs|hooved|mammal,animals|food-beverage
pillow,pillowcase|extra|bedding|cushion|headrest|sheets|soft|support|sleep|rest,home|furniture|travel
pin-safety-open,unsafe|unsecured|unpinned|unfastened|loose|off|baby|newborn|childproof|children|infant|kids|toddler|mother|mum|family,people|security|account|home|shopping
pin-safety,pinned|secured|fastened|fixed|baby|newborn|childproof|children|infant|kids|toddler|mother|mum|family,people|security|account|home|shopping
pineapple-ring,segments|chunks|canned_fruit|tinned_fruit|juice|smoothie|cocktail|tropical|sweet|snack|meal|lunch|eating|healthy|nutrition|diet,food-beverage
planet,ringed|orbit|saturn|interplanetary|space|galaxy|universe|astro,account|social|shapes|multimedia|weather|emoji|gaming|science
pond,marsh|bog|pool|lake|lily_pads|water_lillies|lotus_flowers|leaves|reeds|plants|aquatic|preserve|wildlife|flora,nature|sustainability|maps
pound-sterling-circle,finance|financial|markets|exchange|trader|trading|transaction|payment|coin|british|gbp,currency|money|shapes
pound-sterling-square,finance|financial|markets|exchange|trader|trading|transaction|payment|british|gbp|toolbar|button,currency|money|shapes
pram,baby|newborn|children|infant|kids|toddler|mother|mum|family|buggy|stroller|pushchair|wheels,transportation|people
pretzel,bakery|cooking|food|pastry,food-beverage
pumpkin,halloween|horror|creepy|spooky|frightening|fruit|spice,food-beverage
razor-blade,cut|slice|shaving|shave|trim|style|edge|beard|stubble|mens|grooming|toiletries|bathroom|amenities,home|travel|tools
razor,shaving|shaver|trimmer|styler|edger|beard|stubble|mens|grooming|toiletries|bathroom|amenities,home|travel|tools
reel-thread,needle|sewing|stitch|embroidery|waeve|woven|fabric|material|cloth|cotton|textile|string|unravel|unroll,home|tools|social
refrigerator-freezer,fridge|freezer|cooler|icebox|chiller|cold_storage|appliances,food-beverage|home
remove-formatting-square,delete|clear|cancel|normalise|normalize|styling|plain_text|font|typography|slab_serif|writing|writer|prose|content|markdown|markup|x|times,text|tools|design|development
rugby,goal|score|posts|kicker|pitch|team|scrum|ruck|ball,sports|gaming
russian-ruble-circle,finance|financial|markets|exchange|trader|trading|transaction|payment|coin|rub,currency|money|shapes
russian-ruble-square,finance|financial|markets|exchange|trader|trading|transaction|payment|rub|toolbar|button,currency|money|shapes
sausage,banger|wiener|wurst|hot_dog|jumbo|chorizo|meat|pork|fast_food|junk_food|snack|dish|restaurant|lunch|meal|savory|savoury|cookery|cooking|grilled|barbecue|barbeque|bbq,food-beverage
scarf,wooly|woolly|winter|cold|neckwear|apparel|fashion|knitting,shopping|seasons
scissors-hair-comb,hairdresser|grooming|cut|chop|snip|shave|shop|salon|service,maps|tools|people|social
shark,pectoral|fishing|infested|waters|warning|danger|alert|jaws|attack|aquatic|encounter|marine_life|tourism|seaside|beach|ocean|depth|deep,animals|travel
shave-face,shavers_only|electric|electronics|socket|plug|razor|beard|stubble|mens|grooming|toiletries|bathroom|amenities,home|travel|connectivity|devices|tools
shirt-folded-buttons,ironed|pressed|top|henley|store|clothing|clothes|apparel|attire|fashion|formal|dressy|smart|occasion|gathering|dinner|restaurant|waiter|uniform|office_wear|work|thread|cotton|slim_fit|regular|basics,shopping
shirt-long-sleeve,jersey|top|store|clothing|clothes|apparel|attire|fashion|thread|cotton|casual|slim_fit|regular|basics|undergarment|layer,shopping
shirt-t-ruler,fit|sizes|sizing|measurements|tailored|t-shirt|jersey|store|clothing|clothes|apparel|attire|fashion|casual|slim|regular,shopping
shirt-t-v-neck,jersey|t-shirt|top|store|clothing|clothes|apparel|attire|fashion|thread|cotton|casual|slim_fit|regular|basics|undergarment|layer,shopping
shirt-t,jersey|t-shirt|top|store|clothing|clothes|apparel|attire|fashion|thread|cotton|casual|slim_fit|regular|basics,shopping
shorts-boxer,boxers|briefs|underpants|trunks|underwear|mens|boys|bottoms|store|clothing|clothes|apparel|attire|fashion|thread|cotton|casual|slim_fit|regular,shopping
shorts,chino|cargo|denim|beachwear|bottoms|store|clothing|clothes|apparel|attire|fashion|thread|cotton|casual|slim_fit|regular,shopping
shovel-dig,spade|gardening|equipment|soil|dirt|dig|excavate|bury|buried|treasure|seaside|summer_holiday|beach|sandcastle|sandbox|toys|kids|children|play|bucket,nature|home|tools|travel|gaming
shower,bathroom|amenities|services|steam|clean|wash,home|travel
skirt,dress|bottom|womens|girls|female|ladies|store|sexy|classy|clothing|clothes|apparel|attire|outfit|fashion|formal|smart|elegant|nightlife|club|party|occasion|gathering|thread|cotton,shopping
skis,skiing|poles|slope|slalom|winter_holiday|vacation|trip|snow|equipment,sports|seasons
slot-card-credit,debit|visa|mastercard|bank|atm|cash_machine|cash_point|withdrawal|finance|financial|spending|budget|purchase|payment|cc|shopping|retail|store|mall|consumer|loyalty|points|cashback|transaction|instructions|port|input|insert|slide|push,account|money|devices
slot-card,sd|sim|data|format|floppy_disk|save|storage|flash|drive|digital|smartphone|mobile|instructions|port|input|insert|slide|push,multimedia|files|devices|photography
slot-disc,data|backup|save|storage|capacity|megabytes|mb|gigabytes|gb|format|digital|read|write|rw|cd|dvd|minidisc|drive|tray|walkman|player|playback|listen|audio|music|instructions|port|input|insert|slide|push,multimedia|devices|files
sneaker,trainer|shoe|footwear|store|clothing|clothes|apparel|attire|outfit|fashion|casual|exercise|running|jogging,shopping|sports
snowboard,slope|winter_holiday|vacation|trip|equipment,sports|seasons
snowman,cold|freeze|frozen|winter,weather|seasons
soap-bar,toiletries|amenities|bathroom|shower|clean|wash|lather|bubbles,home|travel
soccer-ball,football|futbol|kick|pitch|goal|score|bounce,sports|gaming
soccer-pitch,football|field|stadium|ground|surface|grass|futbol|kick|goal|score|bounce,sports|gaming
socket-eu,electricity|electronics|outlet|plug|european|two_pin|2_pin,devices|connectivity|travel|tools
socket-uk,electricity|electronics|outlet|plug|united_kingdom|great_britain|england|three_pin|3_pin,devices|connectivity|travel|tools
socket-usa,electricity|electronics|outlet|plug|united_states|american|two_pin|2_pin,devices|connectivity|travel|tools
socks,feet|foot|underwear|undergarment|store|clothing|clothes|apparel|attire|fashion|thread|cotton,shopping
spider-web,silk|weave|insects|arachnids|arachnophobia|fear|frightening|horror|halloween|creepy|lair|trap|entangle,nature|animals
spider,silk|web|weave|insect|bite|fangs|venom|poison|arachnid|arachnophobia|fear|frightening|horror|halloween|creepy,animals
stairs-arch,steps|staircase|stairway|basement|cellar|amenities,buildings
stairs-arrow-down-left,steps|stairwell|staircase|basement_access|ground_floor|levels|hotel|accommodation|emergency_exit|safety|signage|directions|diagonal,buildings|travel|home|arrows
stairs-arrow-up-right,steps|stairwell|staircase|rooftop_access|top_floor|penthouse_suite|levels|hotel|accommodation|emergency_exit|safety|signage|directions|diagonal,buildings|travel|home|arrows
stairs,steps|staircase|stairway,buildings
star-north,guide|directions|dark|night|sky|twinkle|sparkle|shine|planet|space|galaxy|universe|astro,navigation|science
steering-wheel,driving|driver|racing|racer|motor_sport|formula_one|formula_1|f1|car|vehicle|direction,sports|transportation|gaming
strawberry,fruit|berries|smoothie|sweet|snack|meal|lunch|jam|conserve|preserve|eating|healthy|nutrition|diet,food-beverage
strikethrough-square,correction|cross_out|redacted|delete|remove|toolbar|formatting|styling|plain_text|rich_text|rtf|typography|font|sans_serif|writing|writer|prose|content|markdown|markup,text|tools|design|development
stroller,baby|newborn|children|infant|kids|toddler|mother|mum|family|buggy|pram|pushchair|wheels,transportation|people
sunlounger-parasol-sun-palmtree,shade|sunbathing|summer_holiday|vacation|retreat|relax|leisure|tropical|island|beach|resort|exotic,travel
sunlounger-parasol-sun,shade|sunbathing|summer_holiday|vacation|retreat|relax|leisure|tropical|island|beach|resort|exotic,travel
sunlounger-parasol-table,shade|sunbathing|summer_holiday|vacation|retreat|relax|leisure|tropical|island|beach|resort|exotic,travel
surfboard,bodyboard|surfer|summer_holiday|seaside|beach|waves|wind|tidal|tide|ocean|baywatch|lifesaver|lifeguard|coastguard|equipment|emergency|rescue,travel|sports|gaming
sushi-2,rice|raw_fish|nori|seaweed|kale|snack|brunch|lunch|dinner|culinary|cuisine|asian|japanese|chinese|oriental|eastern,food-beverage
sushi-3,rice|raw_fish|salmon|tuna|snack|brunch|lunch|dinner|culinary|cuisine|asian|japanese|chinese|oriental|eastern,food-beverage
sushi-chopsticks,rice|raw_fish|nori|seaweed|kale|snack|brunch|lunch|dinner|culinary|cuisine|asian|japanese|chinese|oriental|eastern,food-beverage|tools
sushi,rice|raw_fish|nori|seaweed|kale|snack|brunch|lunch|dinner|culinary|cuisine|asian|japanese|chinese|oriental|eastern,food-beverage
sweater,jumper|jersey|pullover|warmth|winter|christmas|xmas|thanksgiving|occasion|gathering,shopping|social|seasons
swiss-franc-circle,monetization|marketing|finance|financial|markets|exchange|trader|trading|transaction|payment|coin|chf,currency|money|shapes
swiss-franc-square,monetization|marketing|finance|financial|markets|exchange|trader|trading|transaction|payment|chf|toolbar|button,currency|money|shapes
tab-arrow-down,tab|save|session|download,layout
tab-arrow-up-right,tab|new|open|external|share,layout|social
tab-check,ballot|poll|referendum|political|governance|government|democracy|democratic|social|decision|decide|yes|aye|counted|confirm|tick|right|correct|confident|confidence|passed|output|result|log,layout|social|development
tab-dot,tab|unsaved|unread,layout
tab-plus,tab|new|open|add|restore,layout
tab-slash,ballot|vote|poll|referendum|political|governance|government|democracy|democratic|social|decision|decide|spoiled|protest|no_confidence|discounted|disqualify|reject|none|output|log|or,layout|social|development
tab-text,ballot|vote|poll|referendum|political|governance|government|democracy|democratic|social|manifesto|pledge|decision|decide|printout|punched_card|fax|paper|leaflet|pamphlet|instructions|office|output|result|log,layout|social|development|text
tab-x,ballot|vote|poll|referendum|political|governance|government|democracy|democratic|social|decision|decide|no|reject|spoiled|cross|incorrect|no_confidence|wrong|error|output|result|log|close|remove|cancel,layout|social|development
tab,ballot|vote|poll|referendum|political|governance|government|democracy|democratic|social|decision|decide|undecided|unsure|printout|punched_card|fax|paper|office|output|result|log|blank|clear,layout|social|development
target-arrow,archery|crossbow|bullseye|hit|range,sports|gaming
tennis-ball,court|racquet|racket|net|deuce|love|bounce,sports|gaming
tennis-racket,court|racquet|net|deuce|love|bounce,sports|gaming
text-square,note|log|document|page|paper|sheet|list|script|code|editor,text|development
tie-bow-ribbon,gift|present|party|birthday|box|decoration|neckwear|female|girls|kids|children|toys|doll|accessories|apparel,shopping|social
tie-bow,neckwear|gentleman|mens|boys|store|clothing|clothes|accessories|apparel|attire|outfit|fashion|formal|fancy|dressy|smart|classic|refined|elegant|evening|black_tie_event|occasion|tuxedo|wedding|groom|gathering|dinner|restaurant|waiter|uniform|service|serve,shopping|social
tie,neckwear|gentleman|mens|boys|store|clothing|clothes|accessories|apparel|attire|outfit|fashion|formal|fancy|dressy|smart|classic|refined|elegant|evening|black_tie_event|occasion|gathering|dinner|restaurant|waiter|uniform|service|serve,shopping|social
tire,tyre|wheel|hubcap|rubber|trim|automobile|vehicle|rim|axle,transportation|maps
toast,bread|butter|spread|jam|conserve|preserve|marmalade|continental_breakfast|brunch|meal|morning,food-beverage
toaster,heat|burnt|bread|breakfast|morning|kitchen|appliances|amenities|electric,food-beverage|home|devices
toilet-roll,paper|sheets|lavatory|latrine|loo|bog|poo|privy|bathroom|toiletries|sanitation|clean|hospitality|housekeeping|room_service|amenities|unravel|perforated|dashed,home|travel
toolbox-2,tools|trunk|chest|storage|utility|utilities|container|kit|set,tools|home
toolbox,tools|trunk|chest|storage|utility|utilities|container|kit|set,tools|home
top-crop,brassiere|breasts|boobs|tops|womens|girls|female|ladies|sportswear|exercise|fitness|store|clothing|clothes|apparel|attire|fashion|thread|cotton|casual,shopping|sports
towel-folded,towels|flannel|bathroom|toiletries|sanitation|sheets|bedding|clean|fresh|dry|laundry|laundrette|hospitality|housekeeping|room_service|robe|spa_break|health_club|amenities,home|travel
towel-rack,flannel|bathroom|toiletries|sanitation|clean|fresh|dry|laundry|laundrette|hospitality|housekeeping|room_service|spa_break|health_club|amenities|hanging,home|travel
trees-forest,evergreen|forest|woodland|park|preserve|lumber|logging|outdoors|wildlife|habitat|botanical|flora,nature|seasons|sustainability|maps
triangle-stripes,equilateral|delta|shape|pyramid|levels|structure|hierarchy|maslow|needs|wellbeing,social|sustainability|shapes
trousers,jeans|denim|corduroy|chinos|cargo|pants|bottoms|store|clothing|clothes|apparel|attire|fashion|thread|cotton|casual|slim_fit|skinny|regular,shopping
tuxedo,blazer|buttons|shirt|suit|gentleman|mens|boys|top|store|clothing|clothes|accessories|apparel|attire|outfit|fashion|formal|dressy|dinner|restaurant|waiter|uniform|smart|classic|refined|elegant|evening_wear|black_tie_event|special_occasion|wedding|groom|gathering|thread|tailored|regular|slim_fit|service|serve,shopping|social
type-square,toolbar|formatting|styling|plain_text|rich_text|rtf|typography|fonts|font_book|collection|slab_serif|writing|writer|prose|content|markdown|markup,text|tools|design|development
ufo,unidentified_flying_object|flying_saucer|spaceship|spacecraft|aliens|extraterrestrial|abduction|beam|crop_circles|area_51|outer_space|lightyears|interstellar_travel|interplanetary|galactic|universe|explore|stars,science|transportation|gaming
underline-square,highlight|emphasis|emphasize|toolbar|formatting|styling|plain_text|rich_text|rtf|typography|font|sans_serif|writing|writer|prose|content|markdown|markup,text|tools|design|development
unicorn-head,rare|unique|horn|fairy_tale|nursery|story|fictional|imaginary|imagination,animals|gaming
venn,venn_diagram|overlap|compare|common|blend_mode|opacity|transparency,design|charts
vest,underwear|undergarment|mens|boys|top|waistcoat|sleeveless|sportswear|exercise|fitness|summer_holiday|beachwear|bathing|seaside|store|clothing|clothes|apparel|attire|fashion|thread|cotton|casual|slim_fit|regular,shopping|sports|travel
volleyball,beach|sand|net|holiday|vacation|summer|soccer|football|futbol|kick|pitch|goal|score|bounce|leather|wool|yarn|knitting|sewing|thread|embroidery|textile,sports|gaming|travel|home
waffle,syrup|fast_food|junk_food|snack|sweet|dish|restaurant|breakfast|brunch|dessert|meal|cookery|cooking,food-beverage
wardrobe,closet|cupboard|shelves|drawer|storage|clothes|clothing|apparel,furniture
watch-activity,clock|wearable|wrist|strap|face|digital|touchscreen|smart|gadget|technology|mobile|pulse|levels|heart_rate_monitor|vital_signs|vitals|health|exercise|fitness|running|jogging|tracking|action|motion|movement|audio|waveform|sound,time|devices|sports|medical
watch-alarm,beep|ring|clock|timer|stopwatch|alarm|alert|wear|wrist|strap|face|mechanical|analog|analogue|round|circle,time|devices
watch-bars,clock|wearable|wrist|strap|face|digital|touchscreen|smart|gadget|mobile|levels|chart|statistics|tracking|monitor|activity|exercise|fitness|running|jogging|audio|waveform|sound|vertical,time|devices|sports
watch-charging,clock|wearable|wrist|strap|face|digital|touchscreen|smart|gadget|technology|mobile|battery|recharge|power|energy|zap,time|devices
watch-check,clock|wearable|wrist|strap|face|digital|touchscreen|smart|gadget|technology|mobile|done|todo|tick|complete|task,time|devices|notifications
watch-loader,polar|clock|wearable|wrist|strap|face|digital|touchscreen|smart|gadget|technology|mobile|loading|wait|busy|progress|spinner|spinning|throbber,time|devices
watch-music,clock|wearable|wrist|strap|face|digital|touchscreen|smart|gadget|technology|mobile|playback|audio|sound|semiquaver|sixteenth_note,time|devices|multimedia
watch-square-alarm,beep|ring|clock|timer|stopwatch|alarm|alert|wearable|wrist|strap|face|digital|touchscreen|smart|gadget|technology|mobile,time|devices
watch-square,clock|wearable|wrist|strap|face|digital|touchscreen|smart|gadget|technology|mobile,time|devices
watch-text,clock|wearable|wrist|strap|face|digital|touchscreen|smart|gadget|technology|mobile|levels|chart|statistics|tracking|monitor|activity|exercise|fitness|running|jogging|audio|sound|vertical|information|message|read|horizontal,time|devices|sports|social
watermelon,snack|meal|lunch|juice|smoothie|eating|healthy|nutrition|diet|fruit_machine|slots|gambling|jackpot,food-beverage|gaming
wave-circle,surfing|tidal|tide|water|aqua|seaside|beach|ocean|curl,weather|travel
waves-birds,water|aqua|seaside|view|picturesque|tourism|summer_holiday|beach|ocean|flow,maps|travel
waves-shark-fin,pectoral|fishing|infested|waters|warning|danger|alert|jaws|attack|aquatic|encounter|marine_life|tourism|seaside|beach|ocean|depth|deep,travel|animals
whale-narwhal,narwhale|horn|tusk|fishing|fins|blowhole|blubber|barnacles|plankton|krill|sealife|ocean|aquatic|water|depth|deep|dive|diving|marine|mammal|school|calf,animals
whale,porpoise|fishing|fins|blowhole|blubber|barnacles|plankton|krill|sealife|ocean|aquatic|water|depth|deep|dive|diving|marine|mammal|school|calf|docker|containers|environment,animals|development
wheel,tire|rim|hub|spoke|cog|pulley|gear|turning|disk|circle|revolve|rotate|spin|roll|cart|bike|wagon|water_wheel|axle|turn,transportation|maps
whisk-fork-knife,utensils|kitchenware|cutlery|culinary|cooking|cookery|restaurant|chef|mix|cut|slice|eat|meal|dinner,food-beverage|home|tools
whisk,utensils|kitchenware|cutlery|culinary|cooking|cookery|restaurant|chef|mix,food-beverage|home|tools
whisks,kitchen|utensils|cutlery|culinary|cooking|cookery|restaurant|chef|mix,food-beverage|tools
windmill,sails|turbine|electricity|power|energy|renewables,buildings|maps|sustainability
wine-glass-bottle,alcohol|drink|glass|goblet|chalice|vineyard|winery|red|white|rose|dry|sparkling|bar|party|nightclub|nightlife|sommelier|restaurant|dinner|meal,food-beverage|social
yarn-ball,wool|thread|needle|sewing|stitch|embroidery|waeve|woven|fabric|material|cloth|cotton|textile|string|unravel|unroll|code|conding|package_manager|npm,home|social|development
yin-yang,yinyang|contrast|opposites|interconnected|balance|unity|chinese|culture|philosopy|chaos|calm|rest|tranquility|peace|harmony|energy|aura|sprituality|meditation|wellbeing|lifestyle|symbol,social|accessibility|sustainability